{"Car": "Altroz", "Engine": {"Engine Displacement": "1199 cc", "Cylinders": "3", "Max Power": "86PS @ 6000rpm", "Max Torque": "113Nm @ 3300rpm", "Transmission": "5-speed DCT", "Kerb Weight": "1036Kg", "Power:Weight": "83.01PS/tonne", "Torque:Weight": "109.07NM/tonne"}, "Dimensions": {"Length": "3990", "Width": "1755", "Height": "1523", "Wheelbase": "2501"}, "Sales": ["5366", "5678", "4968", "5227", "4770", "5084"], "Image": "https://www.v3cars.com/media/model-imgs/1625802917-Tata-Altroz.jpg", "Prices": [635000, 665000, 730000, 780000, 790000, 790000, 816000, 828999, 830000, 835000, 840000, 855000, 871000, 880000, 890000, 894999, 894999, 900000, 905000, 926000, 935000, 939000, 940000, 941000, 953999, 955000, 955000, 990000, 1000000, 1005000, 1025000], "Company": "tata", "Cluster": 2, "SalesGroup": "L2"}