{"Car": "Punch", "Engine": {"Engine Displacement": "1199 cc", "Cylinders": "3", "Max Power": "86PS @ 6000rpm", "Max Torque": "113Nm @ 3300rpm", "Transmission": "5-speed MT", "Kerb Weight": "1000Kg", "Power:Weight": "86.00PS/tonne", "Torque:Weight": "113.00NM/tonne"}, "Dimensions": {"Length": "3827", "Width": "1742", "Height": "1615", "Wheelbase": "2445"}, "Sales": ["10414", "11007", "12006", "12251", "10982", "12131"], "Image": "https://www.v3cars.com/media/model-imgs/1668074972-Punch.webp", "Prices": [600000, 632000, 675000, 685000, 710000, 720000, 735000, 745000, 755000, 765000, 770000, 780000, 793000, 802999, 815000, 825000, 836999, 847000, 852999, 863000, 864000, 867000, 877000, 894000, 897000, 907000, 924000, 927000, 936999, 953999], "Company": "tata", "Cluster": 2, "SalesGroup": "P2"}