{"Car": "Tiago", "Engine": {"Engine Displacement": "1199 cc", "Cylinders": "3", "Max Power": "73PS @ 6000rpm", "Max Torque": "95Nm @ 3500rpm", "Transmission": "5-speed MT", "Kerb Weight": "982Kg", "Power:Weight": "74.34PS/tonne", "Torque:Weight": "96.74NM/tonne"}, "Dimensions": {"Length": "3765", "Width": "1677", "Height": "1535", "Wheelbase": "2400"}, "Sales": ["5310", "6159", "7209", "6936", "7187", "5097"], "Image": "https://www.v3cars.com/media/model-imgs/1625802991-Tata-Tiago.jpg", "Prices": [545000, 590000, 620000, 635000, 640000, 650000, 665000, 675000, 690000, 695000, 700000, 710000, 745000, 755000, 780000, 790000], "Company": "tata", "Cluster": 2, "SalesGroup": "L2"}