{"Car": "Tigor", "Engine": {"Engine Displacement": "1199 cc", "Cylinders": "3", "Max Power": "73PS @ 6000rpm", "Max Torque": "95Nm @ 3500rpm", "Transmission": "5-speed MT", "Kerb Weight": "1126Kg", "Power:Weight": "64.83PS/tonne", "Torque:Weight": "84.37NM/tonne"}, "Dimensions": {"Length": "3993", "Width": "1677", "Height": "1532", "Wheelbase": "2450"}, "Sales": ["4931", "5433", "3486", "3700", "4001", "4301"], "Image": "https://www.v3cars.com/media/model-imgs/1625802789-Tata-Tigor.jpg", "Prices": [610000, 655000, 705000, 715000, 745000, 765000, 775000, 785000, 794000, 795000, 825000, 835000, 844999, 853999, 855000, 865000, 875000, 884000], "Company": "tata", "Cluster": 2, "SalesGroup": "L2"}