{"Car": "Astor", "Engine": {"Engine Displacement": "1349 cc", "Cylinders": "3", "Max Power": "140PS @ 5600rpm", "Max Torque": "220Nm @ 3600rpm", "Transmission": "6-speed TC", "Kerb Weight": "-", "Power:Weight": "-", "Torque:Weight": "-"}, "Dimensions": {"Length": "4323", "Width": "1809", "Height": "1650", "Wheelbase": "2585"}, "Sales": ["1640", "1362", "1324", "980", "1774", "1434"], "Image": "https://www.v3cars.com/media/model-imgs/1633497473-mg-astor.jpg", "Prices": [1032000, 1038000, 1200000, 1206000, 1348000, 1362000, 1368000, 1456000, 1468000, 1488000, 1568000, 1657999, 1660000, 1750000, 1823000], "Company": "mg", "Cluster": 1, "SalesGroup": "L1"}