{"Car": "Gloster", "Engine": {"Engine Displacement": "1996 cc", "Cylinders": "4", "Max Power": "216PS @ 4000rpm", "Max Torque": "479Nm @ 1500 - 2400rpm", "Transmission": "8-speed TC", "Kerb Weight": "-", "Power:Weight": "-", "Torque:Weight": "-"}, "Dimensions": {"Length": "4985", "Width": "1926", "Height": "1867", "Wheelbase": "2950"}, "Sales": ["151", "252", "185", "311", "179", "106"], "Image": "https://www.v3cars.com/media/model-imgs/1661927485-2022 MG Gloster.webp", "Prices": [3200000, 3688000, 3845000, 3845000, 4078000, 4078000], "Company": "mg", "Cluster": 0, "SalesGroup": "L0"}