{"Car": "Hector Plus", "Engine": {"Engine Displacement": "1451 cc", "Cylinders": "4", "Max Power": "143PS @ 5000rpm", "Max Torque": "250Nm @ 1600 - 3600rpm", "Transmission": "6-speed MT", "Kerb Weight": "1649Kg", "Power:Weight": "86.72PS/tonne", "Torque:Weight": "151.61NM/tonne"}, "Dimensions": {"Length": "4720", "Width": "1835", "Height": "1760", "Wheelbase": "2750"}, "Sales": ["2402", "1988", "1917", "2105", "1630", "1773"], "Image": "https://www.v3cars.com/media/model-imgs/1625717572-MG-Hector-Plus.jpg", "Prices": [1494000, 1643000, 1644000, 1748000, 1773000, 1889999, 1945000, 1950000, 1955000, 2035000, 2050000, 2100000], "Company": "mg", "Cluster": 1, "SalesGroup": "L1"}