{"Car": "Hector", "Engine": {"Engine Displacement": "1451 cc", "Cylinders": "4", "Max Power": "143PS @ 5000rpm", "Max Torque": "250Nm @ 1600 - 3600rpm", "Transmission": "6-speed MT", "Kerb Weight": "1637Kg", "Power:Weight": "87.35PS/tonne", "Torque:Weight": "152.72NM/tonne"}, "Dimensions": {"Length": "4655", "Width": "1835", "Height": "1760", "Wheelbase": "2750"}, "Sales": ["2402", "1988", "1917", "2105", "1630", "1773"], "Image": "https://www.v3cars.com/media/model-imgs/1625902615-MG-Hector.jpg", "Prices": [1443000, 1548000, 1597000, 1668000, 1739999, 1748000, 1800000, 1875000, 1889999, 1973000, 2036000], "Company": "mg", "Cluster": 1, "SalesGroup": "L1"}