{"Car": "ZS EV", "Engine": {"Numbers of Motors": "1", "Drivetrain": "FWD", "Max Power": "177PS", "Max Torque": "280Nm", "Kerb Weight": "-", "Power:Weight": "-", "Torque:Weight": "-", "Transmission": "Single Speed", "Battery Capacity": "50.3kWh", "Charging Time (w/ 7.4kW AC)": "9 hours ", "Charging Time (w/ 50.0kW DC)": "60 min", "Motor Type": "Permanent Magnet Synchronous Motor"}, "Dimensions": {"Length": "4323", "Width": "1809", "Height": "1649", "Wheelbase": "2585"}, "Sales": ["310", "411", "397", "412", "784", "766"], "Image": "https://www.v3cars.com/media/model-imgs/1666952731-mg-zs-ev.webp", "Prices": [2258000, 2650000], "Company": "mg", "Cluster": 1, "SalesGroup": "L1"}