{"Car": "Bolero Neo", "Engine": {"Engine Displacement": "1493 cc", "Cylinders": "3", "Max Power": "100PS @ 3750rpm", "Max Torque": "260Nm @ 1750 - 2250rpm", "Transmission": "5-speed MT", "Kerb Weight": "2215Kg", "Power:Weight": "45.15PS/tonne", "Torque:Weight": "117.38NM/tonne"}, "Dimensions": {"Length": "3995", "Width": "1795", "Height": "1817", "Wheelbase": "2680"}, "Sales": ["7884", "7917", "8246", "8108", "8772", "7984"], "Image": "https://www.v3cars.com/media/model-imgs/1626242822-Mahindra-Bolero-Neo.jpg", "Prices": [948000, 1000000, 1121000, 1199000], "Company": "mahindra", "Cluster": 1, "SalesGroup": "P1"}