{"Car": "eVerito", "Engine": {"Numbers of Motors": "1", "Drivetrain": "FWD", "Max Power": "42PS", "Max Torque": "91Nm", "Kerb Weight": "1225Kg", "Power:Weight": "34.29PS/tonne", "Torque:Weight": "74.29NM/tonne", "Transmission": "Single Speed", "Battery Capacity": "18.6kWh", "Charging Time (w/ 7.2kW AC)": "11 hours 30 minutes", "Charging Time (w/ 50.0kW DC)": "1 hour 30 minutes", "Motor Type": "Permanent Magnet Synchronous Motor"}, "Dimensions": {"Length": "4247", "Width": "1740", "Height": "1540", "Wheelbase": "2630"}, "Sales": ["20", "8", "99", "-", "0", "28"], "Image": "https://www.v3cars.com/media/model-imgs/1623411224-vertio.png", "Prices": [1141000, 1168000, 1180000], "Company": "mahindra"}