{"Car": "Marazzo", "Engine": {"Engine Displacement": "1497 cc", "Cylinders": "4", "Max Power": "123PS @ 3500rpm", "Max Torque": "300Nm @ 1750 - 2500rpm", "Transmission": "6-speed MT", "Kerb Weight": "-", "Power:Weight": "-", "Torque:Weight": "-"}, "Dimensions": {"Length": "4585", "Width": "1866", "Height": "1774", "Wheelbase": "2760"}, "Sales": ["124", "213", "45", "162", "213", "201"], "Image": "https://www.v3cars.com/media/model-imgs/1633005119-marazzo.jpg", "Prices": [1341000, 1461000, 1561000], "Company": "mahindra", "Cluster": 1, "SalesGroup": "L1"}