{"Car": "Thar", "Engine": {"Engine Displacement": "1997 cc", "Cylinders": "4", "Max Power": "150PS @ 5000rpm", "Max Torque": "300Nm @ 1250 - 3000rpm", "Transmission": "6-speed TC", "Kerb Weight": "1700Kg", "Power:Weight": "88.24PS/tonne", "Torque:Weight": "176.47NM/tonne"}, "Dimensions": {"Length": "3985", "Width": "1855", "Height": "1920", "Wheelbase": "2450"}, "Sales": ["3640", "3616", "3793", "4249", "3666", "3987"], "Image": "https://www.v3cars.com/media/model-imgs/1625904661-Mahindra-Thar.jpg", "Prices": [1359000, 1416000, 1421000, 1428000, 1477000, 1487000, 1574000, 1582000, 1620000, 1629000], "Company": "mahindra", "Cluster": 1, "SalesGroup": "L1"}