{"Car": "XUV300", "Engine": {"Engine Displacement": "1197 cc", "Cylinders": "3", "Max Power": "110PS @ 5000rpm", "Max Torque": "200Nm @ 2000 - 3500rpm", "Transmission": "6-speed MT", "Kerb Weight": "1352Kg", "Power:Weight": "81.36PS/tonne", "Torque:Weight": "147.93NM/tonne"}, "Dimensions": {"Length": "3995", "Width": "1821", "Height": "1627", "Wheelbase": "2600"}, "Sales": ["4754", "5937", "4322", "6080", "6282", "5903"], "Image": "https://www.v3cars.com/media/model-imgs/1665384971-Banner-Image.webp", "Prices": [842000, 960000, 1000000, 1038000, 1051000, 1116000, 1170000, 1238000, 1241000, 1306000, 1323000, 1392000], "Company": "mahindra", "Cluster": 1, "SalesGroup": "L1"}