{"Car": "XUV700 7-Seater", "Engine": {"Engine Displacement": "1997 cc", "Cylinders": "4", "Max Power": "200PS @ 5000rpm", "Max Torque": "380Nm @ 1750 - 3000rpm", "Transmission": "6-speed TC", "Kerb Weight": "-", "Power:Weight": "-", "Torque:Weight": "-"}, "Dimensions": {"Length": "4695", "Width": "1890", "Height": "1755", "Wheelbase": "2750"}, "Sales": ["6022", "6277", "6010", "6063", "5815", "5701"], "Image": "https://www.v3cars.com/media/model-imgs/1633411369-xuv700.jpg", "Prices": [1680000, 1744000, 1809000, 1944000, 1984000, 2014000, 2119000, 2184000, 2200000, 2310000, 2324000, 2370000, 2495000], "Company": "mahindra", "Cluster": 0, "SalesGroup": "P0"}