{"Car": "Kodiaq", "Engine": {"Engine Displacement": "1984 cc", "Cylinders": "4", "Max Power": "190PS @ 6000rpm", "Max Torque": "320Nm @ 1500 - 4100rpm", "Transmission": "7-speed DCT", "Kerb Weight": "1793Kg", "Power:Weight": "105.97PS/tonne", "Torque:Weight": "178.47NM/tonne"}, "Dimensions": {"Length": "4699", "Width": "1882", "Height": "1665", "Wheelbase": "2791"}, "Sales": ["79", "110", "151", "71", "55", "138"], "Image": "https://www.v3cars.com/media/model-imgs/1641806189-skoda-kodiaq.jpg", "Prices": [3749000, 3849000, 3999000], "Company": "skoda", "Cluster": 0, "SalesGroup": "L0"}