{"Car": "Kushaq", "Engine": {"Engine Displacement": "999 cc", "Cylinders": "3", "Max Power": "115PS @ 5500rpm", "Max Torque": "178Nm @ 1750 - 4500rpm", "Transmission": "6-speed TC", "Kerb Weight": "1245Kg", "Power:Weight": "92.37PS/tonne", "Torque:Weight": "142.97NM/tonne"}, "Dimensions": {"Length": "4225", "Width": "1760", "Height": "1612", "Wheelbase": "2651"}, "Sales": ["2983", "2064", "1876", "2224", "1691", "2009"], "Image": "https://www.v3cars.com/media/model-imgs/1649228425-Skoda-Kushaq.jpg", "Prices": [1159000, 1299000, 1319000, 1469000, 1499000, 1549000, 1559000, 1569000, 1609000, 1639000, 1729000, 1729000, 1748999, 1779000, 1779000, 1798999, 1848999, 1898999, 1909000, 1969000], "Company": "skoda", "Cluster": 1, "SalesGroup": "L1"}