{"Car": "Octavia", "Engine": {"Engine Displacement": "1984 cc", "Cylinders": "4", "Max Power": "190PS @ 6000rpm", "Max Torque": "320Nm @ 1500 - 3990rpm", "Transmission": "7-speed DCT", "Kerb Weight": "1459Kg", "Power:Weight": "130.23PS/tonne", "Torque:Weight": "219.33NM/tonne"}, "Dimensions": {"Length": "4689", "Width": "1829", "Height": "1469", "Wheelbase": "2680"}, "Sales": ["57", "231", "119", "121", "124", "104"], "Image": "https://www.v3cars.com/media/model-imgs/1633005631-octavia.jpg", "Prices": [2685000, 2985000], "Company": "skoda", "Cluster": 0, "SalesGroup": "L0"}