{"Car": "Slavia", "Engine": {"Engine Displacement": "999 cc", "Cylinders": "3", "Max Power": "115PS @ 5500rpm", "Max Torque": "178Nm @ 1750 - 4500rpm", "Transmission": "6-speed TC", "Kerb Weight": "1210Kg", "Power:Weight": "95.04PS/tonne", "Torque:Weight": "147.11NM/tonne"}, "Dimensions": {"Length": "4541", "Width": "1752", "Height": "1507", "Wheelbase": "2651"}, "Sales": ["2765", "1895", "1941", "937", "1376", "2022"], "Image": "https://www.v3cars.com/media/model-imgs/1637231457-Skoda-Slavia.jpg", "Prices": [1129000, 1299000, 1420000, 1429000, 1470000, 1590000, 1700000, 1839999], "Company": "skoda", "Cluster": 2, "SalesGroup": "L2"}