{"Car": "Superb", "Engine": {"Engine Displacement": "1984 cc", "Cylinders": "4", "Max Power": "190PS @ 6000rpm", "Max Torque": "320Nm @ 1450 - 4200rpm", "Transmission": "7-speed DCT", "Kerb Weight": "1579Kg", "Power:Weight": "120.33PS/tonne", "Torque:Weight": "202.66NM/tonne"}, "Dimensions": {"Length": "4869", "Width": "1864", "Height": "1469", "Wheelbase": "2841"}, "Sales": ["139", "147", "135", "190", "143", "160"], "Image": "https://www.v3cars.com/media/model-imgs/1646629641-skoda-superb.jpg", "Prices": [3419000, 3729000], "Company": "skoda", "Cluster": 0, "SalesGroup": "L0"}