{"Car": "Taigun", "Engine": {"Engine Displacement": "999 cc", "Cylinders": "3", "Max Power": "115PS @ 5500rpm", "Max Torque": "178Nm @ 1750 - 4500rpm", "Transmission": "6-speed TC", "Kerb Weight": "1245Kg", "Power:Weight": "92.37PS/tonne", "Torque:Weight": "142.97NM/tonne"}, "Dimensions": {"Length": "4221", "Width": "1760", "Height": "1612", "Wheelbase": "2651"}, "Sales": ["1327", "1408", "1019", "1994", "2355", "1979"], "Image": "https://www.v3cars.com/media/model-imgs/1622439609-Volkswagen-taigun-exterior-2021.jpeg", "Prices": [1156000, 1356000, 1496000, 1566000, 1596000, 1716000, 1871000], "Company": "volkswagen", "Cluster": 1, "SalesGroup": "L1"}