{"Car": "Tiguan", "Engine": {"Engine Displacement": "1984 cc", "Cylinders": "4", "Max Power": "190PS @ 6000rpm", "Max Torque": "320Nm @ 1500 - 4100rpm", "Transmission": "7-speed DCT", "Kerb Weight": "1703Kg", "Power:Weight": "111.57PS/tonne", "Torque:Weight": "187.90NM/tonne"}, "Dimensions": {"Length": "4509", "Width": "1839", "Height": "1665", "Wheelbase": "2679"}, "Sales": ["60", "124", "155", "123", "83", "76"], "Image": "https://www.v3cars.com/media/model-imgs/1644825624-Tiguan.jpg", "Prices": [3350000], "Company": "volkswagen", "Cluster": 0, "SalesGroup": "L0"}