{"Car": "Virtus", "Engine": {"Engine Displacement": "999 cc", "Cylinders": "3", "Max Power": "115PS @ 5500rpm", "Max Torque": "178Nm @ 1750 - 4500rpm", "Transmission": "6-speed TC", "Kerb Weight": "1225Kg", "Power:Weight": "93.88PS/tonne", "Torque:Weight": "145.31NM/tonne"}, "Dimensions": {"Length": "4561", "Width": "1752", "Height": "1507", "Wheelbase": "2651"}, "Sales": ["1850", "1338", "873", "1986", "1072", "1515"], "Image": "https://www.v3cars.com/media/model-imgs/1646740095-VW-Virtus.jpg", "Prices": [1132000, 1318000, 1448000, 1470000, 1600000, 1842000], "Company": "volkswagen", "Cluster": 2, "SalesGroup": "L2"}