{"Car": "Compass", "Engine": {"Engine Displacement": "1368 cc", "Cylinders": "4", "Max Power": "160PS @ 5500rpm", "Max Torque": "250Nm @ 2500 - 4000rpm", "Transmission": "7-speed DCT", "Kerb Weight": "1514Kg", "Power:Weight": "105.68PS/tonne", "Torque:Weight": "165.13NM/tonne"}, "Dimensions": {"Length": "4405", "Width": "1818", "Height": "1640", "Wheelbase": "2636"}, "Sales": ["892", "710", "921", "609", "732", "550"], "Image": "https://www.v3cars.com/media/model-imgs/1623409610-new-compass.png", "Prices": [2089000, 2109000, 2207000, 2304000, 2345000, 2384000, 2425000, 2529000, 2574000, 2609000, 2654000, 2749000, 2829000, 2909000, 2954000, 3129000, 3267000], "Company": "jeep", "Cluster": 1, "SalesGroup": "L1"}