{"Car": "Meridian", "Engine": {"Engine Displacement": "1956 cc", "Cylinders": "4", "Max Power": "172PS @ 3750rpm", "Max Torque": "350Nm @ 1750 - 2500rpm", "Transmission": "6-speed MT", "Kerb Weight": "1766Kg", "Power:Weight": "97.40PS/tonne", "Torque:Weight": "198.19NM/tonne"}, "Dimensions": {"Length": "4769", "Width": "1859", "Height": "1698", "Wheelbase": "2782"}, "Sales": ["1071", "440", "400", "507", "404", "344"], "Image": "https://www.v3cars.com/media/model-imgs/1645696575-Jeep-Meridian.jpg", "Prices": [2990000, 3180000, 3240000, 3429999, 3695000], "Company": "jeep", "Cluster": 0, "SalesGroup": "L0"}