{"Car": "Amaze", "Engine": {"Engine Displacement": "1199 cc", "Cylinders": "4", "Max Power": "90PS @ 6000rpm", "Max Torque": "110Nm @ 4800rpm", "Transmission": "CVT", "Kerb Weight": "947Kg", "Power:Weight": "95.04PS/tonne", "Torque:Weight": "116.16NM/tonne"}, "Dimensions": {"Length": "3995", "Width": "1695", "Height": "1501", "Wheelbase": "2470"}, "Sales": ["3350", "2767", "3418", "4082", "5443", "3890"], "Image": "https://www.v3cars.com/media/model-imgs/1633005153-amaze.jpg", "Prices": [663000, 747000, 836999, 852999, 902000, 936000, 961000, 1060000, 1150000], "Company": "honda", "Cluster": 2, "SalesGroup": "L2"}