{"Car": "City", "Engine": {"Engine Displacement": "1498 cc", "Cylinders": "4", "Max Power": "100PS @ 3600rpm", "Max Torque": "200Nm @ 1750rpm", "Transmission": "6-speed MT", "Kerb Weight": "1217Kg", "Power:Weight": "82.17PS/tonne", "Torque:Weight": "164.34NM/tonne"}, "Dimensions": {"Length": "4549", "Width": "1748", "Height": "1489", "Wheelbase": "2600"}, "Sales": ["3292", "3149", "3488", "3420", "3250", "2711"], "Image": "https://www.v3cars.com/media/model-imgs/1625719845-Honda-City.jpg", "Prices": [1157000, 1297000, 1303000, 1317000, 1402000, 1433000, 1453000, 1532000, 1552000], "Company": "honda", "Cluster": 2, "SalesGroup": "L2"}