{"Car": "Jazz", "Engine": {"Engine Displacement": "1199 cc", "Cylinders": "4", "Max Power": "90PS @ 6000rpm", "Max Torque": "110Nm @ 4800rpm", "Transmission": "CVT", "Kerb Weight": "-", "Power:Weight": "-", "Torque:Weight": "-"}, "Dimensions": {"Length": "3989", "Width": "1694", "Height": "1544", "Wheelbase": "2530"}, "Sales": ["593", "341", "448", "618", "197", "20"], "Image": "https://www.v3cars.com/media/model-imgs/1625719653-Honda-Jazz.jpg", "Prices": [801000, 869999, 917000, 934000, 969999, 1032000], "Company": "honda", "Cluster": 2, "SalesGroup": "L2"}