{"Car": "WRV", "Engine": {"Engine Displacement": "1199 cc", "Cylinders": "4", "Max Power": "90PS @ 6000rpm", "Max Torque": "110Nm @ 4800rpm", "Transmission": "5-speed MT", "Kerb Weight": "1106Kg", "Power:Weight": "81.37PS/tonne", "Torque:Weight": "99.46NM/tonne"}, "Dimensions": {"Length": "3999", "Width": "1734", "Height": "1601", "Wheelbase": "2555"}, "Sales": ["599", "527", "415", "594", "653", "430"], "Image": "https://www.v3cars.com/media/model-imgs/1623413782-wrv.png", "Prices": [911000, 989000, 1127000, 1231000], "Company": "honda", "Cluster": 2, "SalesGroup": "L2"}