{"Car": "Alto", "Engine": {"Engine Displacement": "796 cc", "Cylinders": "3", "Max Power": "41PS @ 6000rpm", "Max Torque": "60Nm @ 3500rpm", "Transmission": "5-speed MT", "Kerb Weight": "850Kg", "Power:Weight": "48.24PS/tonne", "Torque:Weight": "70.59NM/tonne"}, "Dimensions": {"Length": "3445", "Width": "1515", "Height": "1475", "Wheelbase": "2360"}, "Sales": ["13790", "9065", "14388", "24844", "21260", "15663"], "Image": "https://www.v3cars.com/media/model-imgs/1652417384-Maruti-Alto.jpg", "Prices": [325000, 339000, 394000, 408000, 428000, 442000, 488999, 503000], "Company": "maruti-arena", "Cluster": 2, "SalesGroup": "P2"}