{"Car": "Brezza", "Engine": {"Engine Displacement": "1462 cc", "Cylinders": "4", "Max Power": "103PS @ 6000rpm", "Max Torque": "137Nm @ 4400rpm", "Transmission": "6-speed TC", "Kerb Weight": "1155Kg", "Power:Weight": "89.18PS/tonne", "Torque:Weight": "118.61NM/tonne"}, "Dimensions": {"Length": "3995", "Width": "1790", "Height": "1685", "Wheelbase": "2500"}, "Sales": ["4404", "9709", "15193", "15445", "9941", "11324"], "Image": "https://www.v3cars.com/media/model-imgs/1656579442-Maruti-Suzuki-Brezza.jpg", "Prices": [799000, 947000, 1087000, 1097000, 1103000, 1230000, 1237000, 1246000, 1253000, 1380000, 1396000], "Company": "maruti-arena", "Cluster": 1, "SalesGroup": "P1"}