{"Car": "Celerio", "Engine": {"Engine Displacement": "998 cc", "Cylinders": "3", "Max Power": "57PS @ 5300rpm", "Max Torque": "82Nm @ 3400rpm", "Transmission": "5-speed MT", "Kerb Weight": "905Kg", "Power:Weight": "62.98PS/tonne", "Torque:Weight": "90.61NM/tonne"}, "Dimensions": {"Length": "3695", "Width": "1655", "Height": "1555", "Wheelbase": "2435"}, "Sales": ["8683", "6854", "5852", "5390", "4296", "2483"], "Image": "https://www.v3cars.com/media/model-imgs/1636533384-celerio.jpg", "Prices": [525000, 574000, 594000, 624000, 644000, 650000, 669000, 700000], "Company": "maruti-arena", "Cluster": 2, "SalesGroup": "L2"}