{"Car": "Dzire", "Engine": {"Engine Displacement": "1197 cc", "Cylinders": "4", "Max Power": "90PS @ 6000rpm", "Max Torque": "113Nm @ 4400rpm", "Transmission": "5-speed AMT", "Kerb Weight": "915Kg", "Power:Weight": "98.36PS/tonne", "Torque:Weight": "123.50NM/tonne"}, "Dimensions": {"Length": "3995", "Width": "1735", "Height": "1515", "Wheelbase": "2450"}, "Sales": ["12597", "13747", "11868", "9601", "12321", "14456"], "Image": "https://www.v3cars.com/media/model-imgs/1646212036-Maruti-Suzuki-Dzire.jpg", "Prices": [624000, 728000, 778000, 796000, 823000, 846000, 868000, 891000, 918000], "Company": "maruti-arena", "Cluster": 2, "SalesGroup": "P2"}