{"Car": "Eeco", "Engine": {"Engine Displacement": "1196 cc", "Cylinders": "4", "Max Power": "73PS @ 6000rpm", "Max Torque": "98Nm @ 3000rpm", "Transmission": "5-speed MT", "Kerb Weight": "940Kg", "Power:Weight": "77.66PS/tonne", "Torque:Weight": "104.26NM/tonne"}, "Dimensions": {"Length": "3675", "Width": "1475", "Height": "1825", "Wheelbase": "2350"}, "Sales": ["10130", "13048", "11999", "12697", "8861", "7183"], "Image": "https://www.v3cars.com/media/model-imgs/1652417409-Maruti-Eeco.jpg", "Prices": [509999, 513000, 528000, 539000, 542000, 546000, 549000, 623000, 640000, 641000, 644000, 665000, 813000], "Company": "maruti-arena", "Cluster": 2, "SalesGroup": "P2"}