{"Car": "Ertiga", "Engine": {"Engine Displacement": "1462 cc", "Cylinders": "4", "Max Power": "88PS @ 5500rpm", "Max Torque": "122Nm @ 4200rpm", "Transmission": "5-speed MT", "Kerb Weight": "1255Kg", "Power:Weight": "70.12PS/tonne", "Torque:Weight": "97.21NM/tonne"}, "Dimensions": {"Length": "4395", "Width": "1735", "Height": "1690", "Wheelbase": "2740"}, "Sales": ["10423", "9694", "9314", "9299", "10494", "13818"], "Image": "https://www.v3cars.com/media/model-imgs/1650009118-ertiga-facelift.jpg", "Prices": [841000, 955000, 1050000, 1065000, 1099000, 1129000, 1160000, 1209000, 1279000], "Company": "maruti-arena", "Cluster": 1, "SalesGroup": "P1"}