{"Car": "S-Presso", "Engine": {"Engine Displacement": "998 cc", "Cylinders": "3", "Max Power": "57PS @ 5300rpm", "Max Torque": "82Nm @ 3400rpm", "Transmission": "5-speed MT", "Kerb Weight": "736Kg", "Power:Weight": "77.02PS/tonne", "Torque:Weight": "111.55NM/tonne"}, "Dimensions": {"Length": "3565", "Width": "1520", "Height": "1567", "Wheelbase": "2380"}, "Sales": ["652", "11268", "7774", "4730", "3676", "2588"], "Image": "https://www.v3cars.com/media/model-imgs/1658127150-Maruti S-Presso.webp", "Prices": [425000, 495000, 515000, 549000, 565000, 590000, 599000, 610000], "Company": "maruti-arena", "Cluster": 2, "SalesGroup": "L2"}