{"Car": "Swift", "Engine": {"Engine Displacement": "1197 cc", "Cylinders": "4", "Max Power": "83PS @ 6000rpm", "Max Torque": "113Nm @ 4200rpm", "Transmission": "5-speed AMT", "Kerb Weight": "855Kg", "Power:Weight": "97.08PS/tonne", "Torque:Weight": "132.16NM/tonne"}, "Dimensions": {"Length": "3845", "Width": "1735", "Height": "1530", "Wheelbase": "2450"}, "Sales": ["16213", "17539", "11275", "11988", "17231", "15153"], "Image": "https://www.v3cars.com/media/model-imgs/1625803696-Maruti-Suzuki-Swift.jpg", "Prices": [592000, 682000, 732000, 750000, 777000, 800000, 821000, 844999, 871000], "Company": "maruti-arena", "Cluster": 2, "SalesGroup": "P2"}