{"Car": "Wagon R", "Engine": {"Engine Displacement": "998 cc", "Cylinders": "3", "Max Power": "57PS @ 5300rpm", "Max Torque": "82Nm @ 3400rpm", "Transmission": "5-speed MT", "Kerb Weight": "920Kg", "Power:Weight": "61.96PS/tonne", "Torque:Weight": "89.13NM/tonne"}, "Dimensions": {"Length": "3655", "Width": "1620", "Height": "1675", "Wheelbase": "2435"}, "Sales": ["19190", "22588", "18398", "20078", "17945", "14720"], "Image": "https://www.v3cars.com/media/model-imgs/1650954480-WagonR.jpg", "Prices": [548000, 591000, 610000, 641000, 643000, 658000, 660000, 686000, 708000, 710000], "Company": "maruti-arena", "Cluster": 2, "SalesGroup": "P2"}