{"Car": "C3", "Engine": {"Engine Displacement": "1199 cc", "Cylinders": "3", "Max Power": "110PS @ 5500rpm", "Max Torque": "190Nm @ 1750rpm", "Transmission": "6-speed MT", "Kerb Weight": "1035Kg", "Power:Weight": "106.28PS/tonne", "Torque:Weight": "183.57NM/tonne"}, "Dimensions": {"Length": "3981", "Width": "1733", "Height": "1604", "Wheelbase": "2540"}, "Sales": ["-", "550", "825", "1354", "1180", "804"], "Image": "https://www.v3cars.com/media/model-imgs/1645781683-c3.jpg", "Prices": [588000, 680000, 695000, 695000, 710000, 815000], "Company": "citroen"}