{"Car": "C5 Aircross", "Engine": {"Engine Displacement": "1997 cc", "Cylinders": "4", "Max Power": "177PS @ 3750rpm", "Max Torque": "400Nm @ 2000rpm", "Transmission": "8-speed TC", "Kerb Weight": "1685Kg", "Power:Weight": "105.04PS/tonne", "Torque:Weight": "237.39NM/tonne"}, "Dimensions": {"Length": "4500", "Width": "1969", "Height": "1710", "Wheelbase": "2730"}, "Sales": ["17", "25", "25", "32", "15", "21"], "Image": "https://www.v3cars.com/media/model-imgs/1662626836-C5 Aircross.webp", "Prices": [3667000], "Company": "citroen", "Cluster": 0, "SalesGroup": "L0"}