{"Car": "Camry", "Engine": {"Engine Displacement": "2487 cc", "Cylinders": "4", "Max Power": "218PS @ 5700rpm", "Max Torque": "221Nm @ 3600 - 5200rpm", "Transmission": "CVT", "Kerb Weight": "1665Kg", "Power:Weight": "130.93PS/tonne", "Torque:Weight": "132.73NM/tonne"}, "Dimensions": {"Length": "4885", "Width": "1840", "Height": "1455", "Wheelbase": "2825"}, "Sales": ["89", "63", "62", "68", "59", "118"], "Image": "https://www.v3cars.com/media/model-imgs/1623414620-camary.png", "Prices": [4525000], "Company": "toyota", "Cluster": 0, "SalesGroup": "L0"}