{"Car": "Fortuner", "Engine": {"Engine Displacement": "2694 cc", "Cylinders": "4", "Max Power": "166PS @ 5200rpm", "Max Torque": "245Nm @ 4000rpm", "Transmission": "6-speed TC", "Kerb Weight": "1925Kg", "Power:Weight": "86.23PS/tonne", "Torque:Weight": "127.27NM/tonne"}, "Dimensions": {"Length": "4795", "Width": "1855", "Height": "1835", "Wheelbase": "2745"}, "Sales": ["3133", "3000", "2581", "2935", "2031", "1967"], "Image": "https://www.v3cars.com/media/model-imgs/1625719496-Toyota-Fortuner.jpg", "Prices": [3259000, 3418000, 3509000, 3736999, 3893000, 4122000, 4282000, 4654000, 5034000], "Company": "toyota", "Cluster": 0, "SalesGroup": "P0"}