{"Car": "Glanza", "Engine": {"Engine Displacement": "1197 cc", "Cylinders": "4", "Max Power": "78PS @ 6000rpm", "Max Torque": "113Nm @ 4400rpm", "Transmission": "5-speed MT", "Kerb Weight": "960Kg", "Power:Weight": "80.73PS/tonne", "Torque:Weight": "117.71NM/tonne"}, "Dimensions": {"Length": "3990", "Width": "1745", "Height": "1500", "Wheelbase": "2520"}, "Sales": ["1129", "2960", "3011", "3528", "3767", "4393"], "Image": "https://www.v3cars.com/media/model-imgs/1647327689-Glanza.jpg", "Prices": [659000, 748000, 798000, 843000, 851000, 901000, 946000, 951000, 999000], "Company": "toyota", "Cluster": 2, "SalesGroup": "L2"}