{"Car": "Hilux", "Engine": {"Engine Displacement": "2755 cc", "Cylinders": "4", "Max Power": "204PS @ 3000rpm", "Max Torque": "500Nm @ 1600 - 2800rpm", "Transmission": "6-speed TC", "Kerb Weight": "-", "Power:Weight": "-", "Torque:Weight": "-"}, "Dimensions": {"Length": "5325", "Width": "1855", "Height": "1815", "Wheelbase": "3085"}, "Sales": ["17", "2", "20", "2", "75", "37"], "Image": "https://www.v3cars.com/media/model-imgs/1628750874-Toyota-Hilux.jpg", "Prices": [3399000, 3579999, 3679999], "Company": "toyota", "Cluster": 0, "SalesGroup": "L0"}