{"Car": "Innova Crysta", "Engine": {"Engine Displacement": "2393 cc", "Cylinders": "4", "Max Power": "150PS @ 3400rpm", "Max Torque": "360Nm @ 1400 - 2600rpm", "Transmission": "6-speed TC", "Kerb Weight": "1920Kg", "Power:Weight": "78.13PS/tonne", "Torque:Weight": "187.50NM/tonne"}, "Dimensions": {"Length": "4735", "Width": "1830", "Height": "1795", "Wheelbase": "2750"}, "Sales": ["6795", "6900", "6036", "7282", "3739", "2025"], "Image": "https://www.v3cars.com/media/model-imgs/1625719151-Toyota-Innova-Crysta.jpg", "Prices": [1768000, 1773000, 1809000, 1814000, 1902000, 1907000, 1913000, 1918000, 2005000, 2010000, 2017000, 2022000, 2095000, 2187000, 2192000, 2334000, 2339000, 2383000, 2498000, 2677000], "Company": "toyota", "Cluster": 0, "SalesGroup": "P0"}