{"Car": "Urban Cruiser Hyryder", "Engine": {"Engine Displacement": "1490 cc", "Cylinders": "3", "Max Power": "116PS @ 5500rpm", "Max Torque": "141Nm @ 3800 - 4800rpm", "Transmission": "CVT", "Kerb Weight": "1310Kg", "Power:Weight": "88.55PS/tonne", "Torque:Weight": "107.63NM/tonne"}, "Dimensions": {"Length": "4365", "Width": "1795", "Height": "1635", "Wheelbase": "2600"}, "Sales": ["-", "-", "-", "1163", "3384", "3116"], "Image": "https://www.v3cars.com/media/model-imgs/1656663428-Toyota Hyryder.webp", "Prices": [1048000, 1228000, 1348000, 1434000, 1511000, 1554000, 1589000, 1709000, 1719000, 1748999, 1898999], "Company": "toyota"}