{"Car": "Vellfire", "Engine": {"Engine Displacement": "2494 cc", "Cylinders": "4", "Max Power": "117PS @ 4700rpm", "Max Torque": "198Nm @ 2800 - 4000rpm", "Transmission": "CVT", "Kerb Weight": "-", "Power:Weight": "-", "Torque:Weight": "-"}, "Dimensions": {"Length": "4935", "Width": "1850", "Height": "1895", "Wheelbase": "3000"}, "Sales": ["48", "44", "118", "50", "88", "109"], "Image": "https://www.v3cars.com/media/model-imgs/1625719048-Toyota-Vellfire.jpg", "Prices": [9080000], "Company": "toyota", "Cluster": 0, "SalesGroup": "L0"}