{"Car": "Carens", "Engine": {"Engine Displacement": "1400 cc", "Cylinders": "4", "Max Power": "140PS @ 6000rpm", "Max Torque": "242Nm @ 1500 - 3200rpm", "Transmission": "7-speed DCT", "Kerb Weight": "-", "Power:Weight": "-", "Torque:Weight": "-"}, "Dimensions": {"Length": "4540", "Width": "1800", "Height": "1708", "Wheelbase": "2780"}, "Sales": ["7895", "5978", "5558", "5233", "5479", "6360"], "Image": "https://www.v3cars.com/media/model-imgs/1645184611-Kia-Carens.jpg", "Prices": [1000000, 1120000, 1130000, 1170000, 1250000, 1290000, 1400000, 1440000, 1500000, 1545000, 1585000, 1675000, 1680000, 1705000, 1710000, 1764999, 1770000, 1795000, 1800000], "Company": "kia", "Cluster": 1, "SalesGroup": "P1"}