{"Car": "Carnival", "Engine": {"Engine Displacement": "2199 cc", "Cylinders": "4", "Max Power": "200PS @ 3800rpm", "Max Torque": "440Nm @ 1500 - 2750rpm", "Transmission": "8-speed TC", "Kerb Weight": "2201Kg", "Power:Weight": "90.87PS/tonne", "Torque:Weight": "199.91NM/tonne"}, "Dimensions": {"Length": "5115", "Width": "1985", "Height": "1755", "Wheelbase": "3060"}, "Sales": ["285", "288", "274", "333", "301", "419"], "Image": "https://www.v3cars.com/media/model-imgs/1625902155-Kia-Carnival.jpg", "Prices": [2495000, 2515000, 2995000, 3099000, 3350000, 3549000], "Company": "kia", "Cluster": 0, "SalesGroup": "L0"}