{"Car": "EV6", "Engine": {"Numbers of Motors": "2", "Drivetrain": "AWD", "Max Power": "325PS", "Max Torque": "605Nm", "Kerb Weight": "-", "Power:Weight": "-", "Torque:Weight": "-", "Transmission": "2-Speed", "Battery Capacity": "77.4kWh", "Charging Time (w/ 7.4kW AC)": "7 hours 40 minutes", "Charging Time (w/ 50 kW DC)": "1 Hour 13 Minutes ", "Charging Time (w/  350kW DC)": " 18 Minutes", "Motor Type": "Permanent Magnet Synchronous Motor"}, "Dimensions": {"Length": "4695", "Width": "1890", "Height": "1570", "Wheelbase": "2900"}, "Sales": ["1", "0", "0", "0", "152", "128"], "Image": "https://www.v3cars.com/media/model-imgs/1666952760-kia-ev6.webp", "Prices": [5995000, 6495000], "Company": "kia", "Cluster": 0, "SalesGroup": "L0"}