{"Car": "Seltos", "Engine": {"Engine Displacement": "1353 cc", "Cylinders": "4", "Max Power": "140PS @ 6000rpm", "Max Torque": "242Nm @ 1500 - 3200rpm", "Transmission": "7-speed DCT", "Kerb Weight": "1321Kg", "Power:Weight": "105.98PS/tonne", "Torque:Weight": "183.19NM/tonne"}, "Dimensions": {"Length": "4315", "Width": "1800", "Height": "1645", "Wheelbase": "2610"}, "Sales": ["8388", "8541", "8652", "11000", "9777", "9284"], "Image": "https://www.v3cars.com/media/model-imgs/1633005660-seltos.jpg", "Prices": [1049000, 1139000, 1155000, 1265000, 1269000, 1305000, 1379000, 1429000, 1445000, 1545000, 1559000, 1605000, 1659000, 1659000, 1698999, 1798999, 1829000, 1835000, 1864999], "Company": "kia", "Cluster": 1, "SalesGroup": "P1"}