{"Car": "Sonet", "Engine": {"Engine Displacement": "998 cc", "Cylinders": "3", "Max Power": "120PS @ 6000rpm", "Max Torque": "172Nm @ 1500 - 4000rpm", "Transmission": "7-speed DCT", "Kerb Weight": "1171Kg", "Power:Weight": "102.48PS/tonne", "Torque:Weight": "146.88NM/tonne"}, "Dimensions": {"Length": "3995", "Width": "1790", "Height": "1642", "Wheelbase": "2500"}, "Sales": ["7455", "7215", "7838", "9291", "7614", "7834"], "Image": "https://www.v3cars.com/media/model-imgs/1646212156-Kia-Sonet.jpg", "Prices": [749000, 825000, 905000, 919000, 978999, 999000, 1049000, 1095000, 1135000, 1135000, 1155000, 1175000, 1195000, 1215000, 1225000, 1255000, 1259000, 1265000, 1299000, 1319000, 1339000, 1379000, 1399000], "Company": "kia", "Cluster": 2, "SalesGroup": "P2"}