{"Car": "Alcazar", "Engine": {"Engine Displacement": "1493 cc", "Cylinders": "4", "Max Power": "115PS @ 4000rpm", "Max Torque": "250Nm @ 1500 - 2750rpm", "Transmission": "6-speed TC", "Kerb Weight": "-", "Power:Weight": "-", "Torque:Weight": "-"}, "Dimensions": {"Length": "4500", "Width": "1790", "Height": "1675", "Wheelbase": "2760"}, "Sales": ["1986", "2888", "2304", "2643", "2847", "2566"], "Image": "https://www.v3cars.com/media/model-imgs/1633004957-alcazar.jpg", "Prices": [1589000, 1630000, 1630000, 1630000, 1630000, 1839000, 1876000, 1876000, 1884000, 1898999, 1925000, 1925000, 1939999, 1939999, 1966000, 1966000, 1995000, 1995000, 2000000], "Company": "hyundai", "Cluster": 1, "SalesGroup": "L1"}