{"Car": "Aura", "Engine": {"Engine Displacement": "998 cc", "Cylinders": "3", "Max Power": "100PS @ 6000rpm", "Max Torque": "172Nm @ 1500 - 4000rpm", "Transmission": "5-speed MT", "Kerb Weight": "1050Kg", "Power:Weight": "95.24PS/tonne", "Torque:Weight": "163.81NM/tonne"}, "Dimensions": {"Length": "3995", "Width": "1680", "Height": "1520", "Wheelbase": "2450"}, "Sales": ["4102", "4018", "4378", "4239", "4248", "3813"], "Image": "https://www.v3cars.com/media/model-imgs/1625720367-Hyundai-Aura.jpg", "Prices": [609000, 693000, 743000, 762000, 788000, 806000, 818000, 836999, 857000, 886999, 951000], "Company": "hyundai", "Cluster": 2, "SalesGroup": "L2"}