{"Car": "Grand i10 Nios", "Engine": {"Engine Displacement": "998 cc", "Cylinders": "3", "Max Power": "100PS @ 6000rpm", "Max Torque": "172Nm @ 4000rpm", "Transmission": "5-speed MT", "Kerb Weight": "-", "Power:Weight": "-", "Torque:Weight": "-"}, "Dimensions": {"Length": "3805", "Width": "1680", "Height": "1520", "Wheelbase": "2450"}, "Sales": ["8992", "10000", "9274", "9459", "8855", "7961"], "Image": "https://www.v3cars.com/media/model-imgs/1625720857-Hyundai-Grand-i10-Nios.jpg", "Prices": [543000, 613000, 681000, 684000, 711000, 716000, 722000, 744000, 757000, 770000, 776000, 802000, 808000, 836999, 844999, 851000], "Company": "hyundai", "Cluster": 2, "SalesGroup": "P2"}