{"Car": "i20", "Engine": {"Engine Displacement": "998 cc", "Cylinders": "3", "Max Power": "120PS @ 6000rpm", "Max Torque": "172Nm @ 1500 - 4000rpm", "Transmission": "7-speed DCT", "Kerb Weight": "-", "Power:Weight": "-", "Torque:Weight": "-"}, "Dimensions": {"Length": "3995", "Width": "1775", "Height": "1505", "Wheelbase": "2580"}, "Sales": ["7921", "6873", "7558", "7275", "7814", "7236"], "Image": "https://www.v3cars.com/media/model-imgs/1625800855-New-Hyundai-i20.jpg", "Prices": [707000, 797000, 811999, 843000, 885000, 888000, 899000, 928999, 959000, 974000, 990000, 1009000, 1019999, 1061000, 1076000, 1081000, 1084000, 1099000, 1148000, 1163000], "Company": "hyundai", "Cluster": 2, "SalesGroup": "L2"}