{"Car": "Tucson", "Engine": {"Engine Displacement": "1997 cc", "Cylinders": "4", "Max Power": "186PS @ 4000rpm", "Max Torque": "416Nm @ 2000 - 2750rpm", "Transmission": "8-speed TC", "Kerb Weight": "1600Kg", "Power:Weight": "116.25PS/tonne", "Torque:Weight": "260.00NM/tonne"}, "Dimensions": {"Length": "4630", "Width": "1865", "Height": "1665", "Wheelbase": "2755"}, "Sales": ["0", "170", "343", "419", "487", "247"], "Image": "https://www.v3cars.com/media/model-imgs/1657699587-2022 Tucson.webp", "Prices": [2770000, 3017000, 3020000, 3032000, 3286999, 3302000, 3439000, 3454000], "Company": "hyundai", "Cluster": 0, "SalesGroup": "L0"}