{"Car": "Venue", "Engine": {"Engine Displacement": "998 cc", "Cylinders": "3", "Max Power": "120PS @ 6000rpm", "Max Torque": "172Nm @ 1500 - 4000rpm", "Transmission": "7-speed DCT", "Kerb Weight": "1154Kg", "Power:Weight": "103.99PS/tonne", "Torque:Weight": "149.05NM/tonne"}, "Dimensions": {"Length": "3995", "Width": "1770", "Height": "1617", "Wheelbase": "2500"}, "Sales": ["10321", "12000", "11240", "11033", "9585", "10738"], "Image": "https://www.v3cars.com/media/model-imgs/1654494507-2022-Hyundai-Venue.jpg", "Prices": [753000, 869999, 950000, 1000000, 1000000, 1070000, 1085000, 1097000, 1148000, 1163000, 1192000, 1207000, 1237000, 1252000, 1257000, 1272000], "Company": "hyundai", "Cluster": 2, "SalesGroup": "P2"}