{"Car": "Verna", "Engine": {"Engine Displacement": "998 cc", "Cylinders": "3", "Max Power": "120PS @ 6000rpm", "Max Torque": "172Nm @ 1500 - 4000rpm", "Transmission": "7-speed DCT", "Kerb Weight": "1195Kg", "Power:Weight": "100.42PS/tonne", "Torque:Weight": "143.93NM/tonne"}, "Dimensions": {"Length": "4440", "Width": "1729", "Height": "1475", "Wheelbase": "2600"}, "Sales": ["1703", "1870", "1734", "1654", "2179", "2025"], "Image": "https://www.v3cars.com/media/model-imgs/1625720499-Hyundai-Verna.jpg", "Prices": [944000, 984000, 1108000, 1127000, 1249000, 1253000, 1309000, 1368000, 1434000, 1438000, 1439000, 1553000], "Company": "hyundai", "Cluster": 2, "SalesGroup": "L2"}