{"Car": "Kiger", "Engine": {"Engine Displacement": "999 cc", "Cylinders": "3", "Max Power": "72PS @ 6250rpm", "Max Torque": "96Nm @ 3500rpm", "Transmission": "5-speed AMT", "Kerb Weight": "1012Kg", "Power:Weight": "71.15PS/tonne", "Torque:Weight": "94.86NM/tonne"}, "Dimensions": {"Length": "3991", "Width": "1750", "Height": "1600", "Wheelbase": "2500"}, "Sales": ["3411", "2597", "2641", "2535", "2685", "2278"], "Image": "https://www.v3cars.com/media/model-imgs/1625478218-Renault-Kiger.jpg", "Prices": [599000, 682000, 695000, 742000, 746000, 750000, 762000, 782000, 805000, 805000, 836999, 839000, 860000, 861999, 892000, 894000, 915000, 917000, 949000, 972000, 982000, 1000000, 1039000, 1062000], "Company": "renault", "Cluster": 2, "SalesGroup": "L2"}