{"Car": "Kwid", "Engine": {"Engine Displacement": "799 cc", "Cylinders": "3", "Max Power": "54PS @ 5600rpm", "Max Torque": "72Nm @ 4250rpm", "Transmission": "5-speed MT", "Kerb Weight": "737Kg", "Power:Weight": "73.27PS/tonne", "Torque:Weight": "97.69NM/tonne"}, "Dimensions": {"Length": "3731", "Width": "1579", "Height": "1490", "Wheelbase": "2422"}, "Sales": ["2560", "1329", "1704", "2001", "1894", "1497"], "Image": "https://www.v3cars.com/media/model-imgs/1647259931-Renault-Kwid.jpg", "Prices": [463999, 474000, 488999, 499000, 534000, 554000, 579000, 599000], "Company": "renault", "Cluster": 2, "SalesGroup": "L2"}