{"Car": "Triber", "Engine": {"Engine Displacement": "999 cc", "Cylinders": "3", "Max Power": "72PS @ 6250rpm", "Max Torque": "96Nm @ 3500rpm", "Transmission": "5-speed AMT", "Kerb Weight": "961Kg", "Power:Weight": "74.92PS/tonne", "Torque:Weight": "99.90NM/tonne"}, "Dimensions": {"Length": "3990", "Width": "1739", "Height": "1643", "Wheelbase": "2636"}, "Sales": ["3346", "3202", "2667", "3087", "3199", "2550"], "Image": "https://www.v3cars.com/media/model-imgs/1625718389-Renault-Triber.jpg", "Prices": [592000, 664000, 719000, 747000, 771000, 779000, 799000, 799000, 831000, 851000], "Company": "renault", "Cluster": 2, "SalesGroup": "L2"}