{"Car": "Kicks", "Engine": {"Engine Displacement": "1330 cc", "Cylinders": "4", "Max Power": "156PS @ 5500rpm", "Max Torque": "254Nm @ 1600rpm", "Transmission": "CVT", "Kerb Weight": "1352Kg", "Power:Weight": "115.38PS/tonne", "Torque:Weight": "187.87NM/tonne"}, "Dimensions": {"Length": "4384", "Width": "1813", "Height": "1669", "Wheelbase": "2673"}, "Sales": ["184", "84", "89", "108", "242", "3"], "Image": "https://www.v3cars.com/media/model-imgs/1625899738-Nissan-Kicks.jpg", "Prices": [950000, 1000000, 1210000, 1300000, 1395000, 1400000, 1420000, 1465000], "Company": "nissan", "Cluster": 1, "SalesGroup": "L1"}