{"Car": "Magnite", "Engine": {"Engine Displacement": "999 cc", "Cylinders": "3", "Max Power": "100PS @ 5000rpm", "Max Torque": "152Nm @ 2200 - 4400rpm", "Transmission": "CVT", "Kerb Weight": "1039Kg", "Power:Weight": "96.25PS/tonne", "Torque:Weight": "146.29NM/tonne"}, "Dimensions": {"Length": "3994", "Width": "1758", "Height": "1572", "Wheelbase": "2500"}, "Sales": ["3331", "3583", "3194", "3069", "2819", "2397"], "Image": "https://www.v3cars.com/media/model-imgs/1633005589-nissan-magnite.jpg", "Prices": [597000, 687000, 724000, 778000, 809000, 834000, 857000, 916000, 950000, 991000, 1038000], "Company": "nissan", "Cluster": 2, "SalesGroup": "L2"}