{"Car": "Baleno", "Engine": {"Engine Displacement": "1197 cc", "Cylinders": "4", "Max Power": "77PS @ 6000rpm", "Max Torque": "99Nm @ 4300rpm", "Transmission": "5-speed MT", "Kerb Weight": "1030Kg", "Power:Weight": "75.23PS/tonne", "Torque:Weight": "95.63NM/tonne"}, "Dimensions": {"Length": "3990", "Width": "1745", "Height": "1500", "Wheelbase": "2520"}, "Sales": ["16103", "17960", "18418", "19369", "17149", "20945"], "Image": "https://www.v3cars.com/media/model-imgs/1645602059-2022-Maruti-Nexa-Baleno.jpg", "Prices": [649000, 733000, 783000, 826000, 826000, 827999, 876000, 921000, 971000], "Company": "maruti-nexa", "Cluster": 2, "SalesGroup": "P2"}