{"Car": "Ciaz", "Engine": {"Engine Displacement": "1462 cc", "Cylinders": "4", "Max Power": "105PS @ 6000rpm", "Max Torque": "138Nm @ 4400rpm", "Transmission": "4-speed TC", "Kerb Weight": "1060Kg", "Power:Weight": "99.06PS/tonne", "Torque:Weight": "130.19NM/tonne"}, "Dimensions": {"Length": "4490", "Width": "1730", "Height": "1485", "Wheelbase": "2650"}, "Sales": ["1507", "1379", "1516", "1359", "1884", "1554"], "Image": "https://www.v3cars.com/media/model-imgs/1633005220-ciaz.jpg", "Prices": [900000, 964000, 999000, 1079000, 1084000, 1090000, 1119000, 1199000], "Company": "maruti-nexa", "Cluster": 2, "SalesGroup": "L2"}