{"Car": "Grand Vitara", "Engine": {"Engine Displacement": "1462 cc", "Cylinders": "4", "Max Power": "103PS @ 6000rpm", "Max Torque": "137Nm @ 4400rpm", "Transmission": "6-speed TC", "Kerb Weight": "1210Kg", "Power:Weight": "85.12PS/tonne", "Torque:Weight": "113.22NM/tonne"}, "Dimensions": {"Length": "4345", "Width": "1795", "Height": "1645", "Wheelbase": "2600"}, "Sales": ["-", "-", "-", "4769", "8052", "4433"], "Image": "https://www.v3cars.com/media/model-imgs/1668064377-Grand-Vitara.webp", "Prices": [1044999, 1190000, 1340000, 1389000, 1539000, 1539000, 1689000, 1689000, 1798999, 1948999], "Company": "maruti-nexa"}