{"Car": "Ignis", "Engine": {"Engine Displacement": "1197 cc", "Cylinders": "4", "Max Power": "83PS @ 6000rpm", "Max Torque": "113Nm @ 4200rpm", "Transmission": "5-speed MT", "Kerb Weight": "840Kg", "Power:Weight": "98.81PS/tonne", "Torque:Weight": "134.52NM/tonne"}, "Dimensions": {"Length": "3700", "Width": "1690", "Height": "1595", "Wheelbase": "2435"}, "Sales": ["4960", "6130", "5746", "5750", "4743", "5087"], "Image": "https://www.v3cars.com/media/model-imgs/1625803449-Maruti-Suzuki-Ignis.jpg", "Prices": [535000, 599000, 647000, 649000, 697000, 722000, 772000], "Company": "maruti-nexa", "Cluster": 2, "SalesGroup": "L2"}