{"Car": "XL6", "Engine": {"Engine Displacement": "1462 cc", "Cylinders": "4", "Max Power": "88PS @ 5500rpm", "Max Torque": "122Nm @ 4200rpm", "Transmission": "5-speed MT", "Kerb Weight": "1275Kg", "Power:Weight": "68.89PS/tonne", "Torque:Weight": "95.29NM/tonne"}, "Dimensions": {"Length": "4445", "Width": "1775", "Height": "1755", "Wheelbase": "2740"}, "Sales": ["3336", "3870", "2425", "3061", "2484", "2988"], "Image": "https://www.v3cars.com/media/model-imgs/1650536730-Maruti-XL6-Facelift.jpg", "Prices": [1129000, 1224000, 1229000, 1279000, 1289000, 1305000, 1379000, 1439000, 1455000], "Company": "maruti-nexa", "Cluster": 1, "SalesGroup": "L1"}